{
    "learning_rate": 0.0836687516498472,
    "num_leaves": 281,
    "max_depth": 4,
    "feature_fraction": 0.5878428289981247,
    "bagging_fraction": 0.7814848755455905,
    "bagging_freq": 5,
    "min_child_samples": 174,
    "lambda_l1": 0.005335617091358604,
    "lambda_l2": 0.9232524971186427,
    "min_gain_to_split": 0.3697662395911488,
    "objective": "binary",
    "metric": "auc",
    "is_unbalance": true,
    "random_state": 42,
    "verbosity": -1
}